,Y,Y,A,M,Y,R,N,N,V,A,Q,T,D,V,D,T,L,Y,I,M,Y,R,D,Y,T,W,A,V,W,A,Y,T,W,Y
E,2.728475570678711,6.864274501800537,10.36902141571045,6.706476211547852,3.4919707775115967,2.697050094604492,3.0088951587677,5.033229827880859,7.739742755889893,12.59825611114502,11.235077857971191,15.734213829040527,15.391913414001465,21.58367156982422,18.6920108795166,25.15973663330078,22.94228744506836,26.424957275390625,17.788503646850586,10.895743370056152,5.011989116668701,11.75432300567627,16.38872718811035,21.950687408447266,21.70241928100586,17.375347137451172,20.433216094970703,14.932290077209473,8.66911506652832,9.973860740661621,2.644580125808716,3.565869092941284,3.4911367893218994,2.6374638080596924
V,3.2845098972320557,3.5785067081451416,6.4468607902526855,3.414705276489258,5.774571418762207,5.115821361541748,2.915591239929199,3.6110074520111084,3.7586381435394287,8.633689880371094,7.577662467956543,12.169662475585938,11.926658630371094,17.875566482543945,15.800068855285645,22.065135955810547,20.33207893371582,24.021347045898438,14.625864028930664,8.667783737182617,3.371427536010742,10.536648750305176,14.797478675842285,19.866838455200195,19.463125228881836,15.141547203063965,18.1643123626709,13.189963340759277,7.154518127441406,9.790432929992676,3.696057081222534,5.422150135040283,7.007080078125,5.761706829071045
A,5.579365253448486,4.5348663330078125,9.632121086120605,7.802046775817871,9.386723518371582,7.019500255584717,6.163156509399414,4.007673263549805,5.676608085632324,7.98419713973999,6.184239387512207,9.875271797180176,11.148144721984863,16.144302368164062,13.611613273620605,19.72732925415039,18.235185623168945,21.08491325378418,13.845335006713867,6.634519100189209,2.913128614425659,7.161089897155762,12.156625747680664,18.05377769470215,16.164846420288086,11.81782054901123,15.187975883483887,9.711743354797363,3.6044490337371826,8.31922721862793,3.326441764831543,6.532423973083496,9.086196899414062,9.100154876708984
P,9.166183471679688,6.4045915603637695,11.511896133422852,10.350869178771973,11.473944664001465,7.756383419036865,8.443055152893066,4.3806257247924805,6.845733165740967,6.897664546966553,4.571436405181885,7.8766326904296875,9.890130996704102,14.245587348937988,11.435056686401367,17.39009666442871,16.946752548217773,18.955060958862305,13.046403884887695,6.805751800537109,6.021045207977295,8.573204040527344,11.898604393005371,17.99211311340332,14.630770683288574,10.441866874694824,12.580221176147461,8.47734546661377,4.920533180236816,7.114496231079102,3.8636202812194824,6.20734977722168,10.049629211425781,11.840567588806152
P,11.215335845947266,7.092613697052002,11.473978996276855,10.894020080566406,11.650667190551758,7.043325901031494,8.133756637573242,3.4332499504089355,5.951262474060059,3.563138723373413,3.8641302585601807,5.293105602264404,8.747014045715332,11.355287551879883,9.611052513122559,15.017175674438477,15.303853034973145,16.959213256835938,12.368221282958984,7.562427997589111,7.7254319190979,9.509095191955566,11.629523277282715,17.620262145996094,13.30170726776123,9.46658992767334,11.190513610839844,8.378312110900879,6.070085048675537,11.386356353759766,8.251137733459473,10.66239070892334,13.636497497558594,14.398744583129883
E,11.892475128173828,7.343222618103027,12.258681297302246,12.920543670654297,15.555617332458496,11.12430477142334,11.015409469604492,6.121593475341797,7.978063583374023,5.165337562561035,2.933553695678711,2.6413938999176025,6.654206275939941,8.41955280303955,5.991770267486572,11.526524543762207,11.081384658813477,12.405960083007812,9.691832542419434,6.028156757354736,8.592500686645508,5.275593280792236,7.447104454040527,14.071979522705078,8.283367156982422,4.24697208404541,7.6643147468566895,3.3772623538970947,2.857492208480835,11.044368743896484,9.920771598815918,13.184854507446289,16.58989715576172,17.097599029541016
Y,15.140974044799805,10.596779823303223,15.469416618347168,14.503806114196777,13.959230422973633,9.409002304077148,11.338968276977539,5.642752647399902,9.52635669708252,6.099758625030518,5.899498462677002,4.819764614105225,8.788646697998047,8.257383346557617,7.496353626251221,10.467056274414062,12.56536865234375,12.107208251953125,12.572218894958496,9.346227645874023,11.71915340423584,9.536782264709473,11.179669380187988,16.84811019897461,10.131966590881348,6.773863315582275,8.191243171691895,7.04970645904541,6.948995113372803,11.012149810791016,10.261076927185059,11.9081392288208,15.267402648925781,17.278282165527344
H,16.34663963317871,11.985663414001465,16.93859100341797,18.606395721435547,20.881912231445312,16.214176177978516,16.51251792907715,11.3768949508667,12.776238441467285,8.957282066345215,7.415336608886719,4.431678771972656,8.019527435302734,8.004252433776855,5.0209808349609375,8.83895492553711,9.222232818603516,9.43031120300293,9.913810729980469,9.39626407623291,13.043863296508789,7.687892913818359,8.356711387634277,13.545515060424805,6.452307224273682,3.506622791290283,3.693741798400879,3.482713222503662,6.712569713592529,11.565945625305176,12.09277629852295,15.620013236999512,20.63947105407715,22.570222854614258
R,18.341278076171875,13.728092193603516,18.433265686035156,20.599611282348633,23.52475357055664,18.805950164794922,18.712556838989258,13.447099685668945,14.077593803405762,9.834060668945312,9.053519248962402,5.014942169189453,8.051730155944824,3.4185893535614014,3.957223892211914,5.60733699798584,7.145457744598389,6.275790214538574,9.342705726623535,11.358567237854004,15.220097541809082,9.202281951904297,8.9614896774292,12.334568977355957,4.657773494720459,2.8433496952056885,7.793056488037109,6.995477199554443,9.681290626525879,17.138839721679688,16.344186782836914,20.221920013427734,24.39341163635254,25.21546745300293
K,12.313206672668457,9.057703018188477,14.010479927062988,17.8564510345459,22.619773864746094,19.44809913635254,17.758987426757812,13.552111625671387,12.661890983581543,11.33051872253418,6.549972057342529,5.84805154800415,5.471035957336426,6.587820529937744,3.2428231239318848,3.4615166187286377,3.830735206604004,3.532423496246338,3.941361427307129,6.168770790100098,10.73059368133545,4.946822166442871,3.1976656913757324,6.709830284118652,3.6772377490997314,3.7376554012298584,9.98875904083252,8.6576566696167,8.783842086791992,17.536039352416992,15.378569602966309,20.383743286132812,23.304855346679688,22.902685165405273
