,Y,F,A,M,Y,G,E,K,V,A,H,T,H,V,D,T,L,Y,V,R,Y,H,Y,Y,T,W,A,E,W,A,Y,T,W,Y
F,3.0922093391418457,8.648451805114746,10.449368476867676,7.327567100524902,4.09319543838501,6.51357889175415,3.449070930480957,3.2685322761535645,8.926763534545898,12.701220512390137,7.725886344909668,15.143843650817871,13.416135787963867,20.831268310546875,17.804771423339844,24.621309280395508,22.572092056274414,26.000896453857422,18.003589630126953,12.015310287475586,6.235532760620117,12.232966423034668,16.60291862487793,22.31719970703125,21.60930633544922,17.59145736694336,20.50992202758789,15.365994453430176,8.95718765258789,9.737137794494629,2.6753368377685547,3.7714250087738037,3.359326124191284,2.6015193462371826
L,3.3667705059051514,3.968985080718994,5.827853202819824,3.290292739868164,5.767833232879639,5.86030912399292,2.7451343536376953,2.739643096923828,3.5135152339935303,7.679245471954346,4.251996994018555,11.390945434570312,9.184374809265137,16.213247299194336,14.189067840576172,21.013334274291992,18.72577476501465,23.000473022460938,13.821060180664062,9.079730033874512,3.5175888538360596,10.850703239440918,13.543978691101074,18.787559509277344,19.44371223449707,15.570928573608398,18.677337646484375,13.855443000793457,8.052092552185059,10.082531929016113,3.801715612411499,5.3641581535339355,6.834037780761719,5.571086406707764
P,5.085209369659424,5.726512432098389,9.317383766174316,8.298141479492188,9.403582572937012,6.977241516113281,5.987900257110596,3.695479154586792,6.2816481590271,7.555024147033691,2.9636478424072266,9.58394718170166,8.827473640441895,15.737428665161133,12.52114200592041,19.20799446105957,17.567014694213867,20.427431106567383,13.59485149383545,7.401569366455078,3.339324951171875,7.960892677307129,11.733299255371094,18.074478149414062,16.1971435546875,12.214624404907227,15.21773910522461,10.251891136169434,4.587392330169678,8.16063404083252,3.3358891010284424,5.8551459312438965,8.590189933776855,8.925637245178223
S,9.331302642822266,7.917064189910889,12.05024242401123,10.671382904052734,11.507993698120117,7.575489044189453,7.847430229187012,4.31766939163208,7.682979106903076,6.6344523429870605,3.141908645629883,7.751586437225342,9.400222778320312,13.911483764648438,12.020981788635254,17.597543716430664,17.664993286132812,19.21266746520996,14.57472038269043,9.168158531188965,7.221988201141357,10.235474586486816,12.74036979675293,19.581815719604492,15.849308967590332,12.239614486694336,14.002229690551758,10.042031288146973,7.073695182800293,8.80695915222168,5.316345691680908,6.882636547088623,9.887372970581055,11.482840538024902
D,12.025444030761719,8.99942684173584,12.959771156311035,11.77615737915039,12.825809478759766,8.301623344421387,9.437808990478516,5.058602809906006,7.52622127532959,3.4824607372283936,4.102701187133789,3.8544578552246094,8.00356674194336,9.386469841003418,9.896188735961914,14.004899978637695,15.576547622680664,16.670618057250977,13.408416748046875,8.671594619750977,9.153792381286621,11.600051879882812,12.044201850891113,18.444482803344727,14.795644760131836,11.555888175964355,12.468189239501953,8.684507369995117,8.70761489868164,11.927778244018555,8.779356002807617,10.529555320739746,13.25519847869873,14.494367599487305
F,10.737832069396973,9.630128860473633,14.207120895385742,13.717508316040039,15.081952095031738,11.11724853515625,11.601659774780273,7.819976329803467,9.818629264831543,7.235240936279297,5.010189056396484,6.737349033355713,9.900379180908203,11.884718894958496,10.11634635925293,14.310771942138672,15.640945434570312,14.687479019165039,14.063899040222168,7.601570129394531,7.579962253570557,7.74158239364624,11.270974159240723,18.14594268798828,11.59295654296875,8.206202507019043,8.507149696350098,4.297619342803955,3.9294912815093994,6.859882831573486,4.348919868469238,7.323140621185303,12.019437789916992,14.324994087219238
F,7.8747406005859375,4.134739875793457,9.50030517578125,10.846339225769043,14.25773811340332,11.727736473083496,10.62762451171875,7.319052696228027,8.475699424743652,7.102547645568848,3.5394175052642822,4.119927406311035,4.671660900115967,8.602188110351562,6.735702037811279,11.175721168518066,12.25750732421875,12.4743070602417,9.222204208374023,3.6480660438537598,4.3716230392456055,5.648658275604248,7.154374122619629,14.036698341369629,9.618661880493164,6.333317756652832,9.598830223083496,5.412384033203125,3.2553205490112305,10.162235260009766,6.540031433105469,10.401949882507324,13.909457206726074,14.08825397491455
P,14.556787490844727,10.368498802185059,15.506038665771484,17.468822479248047,20.99496078491211,16.553173065185547,16.441465377807617,11.788002014160156,13.085014343261719,9.45075798034668,8.365124702453613,4.20660400390625,7.462876319885254,7.389778137207031,4.8380961418151855,8.848134994506836,9.809085845947266,9.399065017700195,9.710244178771973,4.903434753417969,10.951242446899414,7.430666923522949,6.6884002685546875,13.034686088562012,6.729794979095459,3.359315872192383,6.710648059844971,3.4522604942321777,4.94333028793335,11.987183570861816,11.041447639465332,14.782737731933594,19.5704288482666,20.96155548095703
S,16.393526077270508,11.505350112915039,15.983611106872559,18.43355369567871,22.922775268554688,18.34542465209961,17.5122013092041,12.576603889465332,12.588701248168945,8.359428405761719,7.911732196807861,3.398080587387085,5.497049331665039,3.1895532608032227,2.681668996810913,5.382660865783691,8.099785804748535,6.236120223999023,9.165035247802734,6.293090343475342,12.901472091674805,9.430130004882812,6.701059341430664,11.760029792785645,4.907214641571045,2.9987564086914062,8.937941551208496,6.580238342285156,8.685676574707031,16.545743942260742,15.032246589660645,18.65170669555664,22.859493255615234,23.438623428344727
V,14.859679222106934,11.47426986694336,16.562467575073242,19.97966766357422,24.831623077392578,20.874155044555664,19.830766677856445,15.045968055725098,15.140851974487305,11.494083404541016,10.261326789855957,6.022607803344727,7.456634998321533,5.784129619598389,2.8677618503570557,3.898172378540039,3.848435401916504,2.633713483810425,6.642047882080078,6.002009868621826,12.316068649291992,7.813906192779541,3.834263563156128,7.7848219871521,2.6023147106170654,3.8671014308929443,10.98241138458252,8.884419441223145,9.564202308654785,18.38138771057129,16.506689071655273,20.993453979492188,24.942174911499023,24.85285758972168
