,Y,H,T,E,Y,R,E,I,C,A,K,T,D,E,D,T,L,Y,L,N,Y,H,D,Y,T,W,A,V,L,A,Y,E,W,Y
K,2.8594441413879395,9.054173469543457,10.138335227966309,6.974020004272461,3.931957483291626,3.8552701473236084,3.8415374755859375,6.228226661682129,9.263800621032715,12.808853149414062,11.604143142700195,15.39079761505127,15.914694786071777,19.98003387451172,18.24690818786621,24.776880264282227,23.40674591064453,25.430627822875977,18.173717498779297,10.957357406616211,5.241220474243164,10.863646507263184,15.285783767700195,22.058046340942383,20.534786224365234,16.486286163330078,18.74115562438965,14.050048828125,9.506003379821777,9.85578727722168,2.588650941848755,2.8600504398345947,3.3027641773223877,2.465637445449829
R,3.315821647644043,3.2625184059143066,2.952420949935913,2.658747673034668,5.693866729736328,4.368929386138916,2.853287935256958,3.889535665512085,3.147188663482666,8.616962432861328,5.909128665924072,11.263218879699707,9.263319969177246,15.552616119384766,13.673356056213379,20.073814392089844,18.292713165283203,21.681625366210938,11.570657730102539,7.34428596496582,3.47359561920166,9.569581031799316,11.340165138244629,17.08620262145996,18.110828399658203,14.389612197875977,16.48591423034668,12.51338005065918,8.544694900512695,10.05038070678711,3.857050895690918,4.635282039642334,6.815173625946045,5.4696760177612305
W,5.410512447357178,6.5339789390563965,9.293351173400879,8.563103675842285,9.347522735595703,5.678676128387451,5.753651142120361,3.554366111755371,7.006079196929932,7.584327220916748,6.703954219818115,8.925446510314941,10.655877113342285,13.365503311157227,10.34921646118164,16.390710830688477,15.319051742553711,15.704225540161133,13.302133560180664,6.800766468048096,2.854825496673584,3.911104679107666,7.732116222381592,15.818978309631348,10.759474754333496,7.080639362335205,8.613702774047852,3.854620933532715,3.6343612670898438,6.707196235656738,3.355401039123535,5.328451156616211,9.244534492492676,8.976792335510254
I,8.895092964172363,8.743292808532715,11.442666053771973,10.90019702911377,10.403931617736816,3.844574451446533,7.29814338684082,3.6184093952178955,6.185074806213379,3.7791342735290527,5.7555742263793945,6.87201452255249,10.498373031616211,10.79891300201416,11.732303619384766,16.89137840270996,18.009056091308594,18.375953674316406,15.556573867797852,9.641108512878418,5.483821868896484,8.564794540405273,12.183180809020996,19.57655906677246,14.90875244140625,11.385207176208496,11.013997077941895,8.641454696655273,7.372149467468262,9.78142261505127,5.62722635269165,6.177757740020752,11.362553596496582,12.03282356262207
I,12.110221862792969,10.691778182983398,13.653714179992676,13.900148391723633,14.290814399719238,7.166824817657471,10.8826265335083,6.889502048492432,9.929579734802246,6.910078048706055,8.149771690368652,6.247305393218994,10.409860610961914,9.539896011352539,10.154545783996582,14.613617897033691,16.020191192626953,14.787064552307129,14.853964805603027,10.880318641662598,8.381830215454102,8.169763565063477,10.980375289916992,18.779966354370117,10.77037239074707,7.2854485511779785,5.990802764892578,4.076476573944092,5.974256992340088,8.78271198272705,7.12204122543335,8.239575386047363,14.389001846313477,15.521075248718262
L,15.61865234375,13.625249862670898,16.488399505615234,16.87026023864746,16.583642959594727,9.321680068969727,13.7803316116333,9.530223846435547,12.046843528747559,8.323904991149902,10.041464805603027,7.454129695892334,11.537081718444824,9.277582168579102,10.451107025146484,13.634797096252441,15.73326301574707,14.03543758392334,15.766430854797363,13.202425956726074,11.83380126953125,10.777530670166016,12.734089851379395,19.47929573059082,11.413068771362305,7.947581768035889,6.098442077636719,5.945794582366943,9.56236743927002,13.0824556350708,11.29677963256836,11.595016479492188,17.39497184753418,18.831274032592773
G,16.95879554748535,14.213752746582031,17.306745529174805,18.626998901367188,19.404699325561523,12.892889976501465,15.775385856628418,11.349749565124512,13.489416122436523,9.120010375976562,10.384082794189453,6.851619243621826,10.392007827758789,8.172420501708984,8.035286903381348,11.090487480163574,12.571163177490234,10.33219051361084,13.622702598571777,12.198728561401367,12.98952865600586,10.110454559326172,10.8621244430542,16.8164005279541,7.9247002601623535,4.675177574157715,4.724939346313477,4.735444068908691,10.694119453430176,14.901095390319824,13.789408683776855,14.857258796691895,20.7086238861084,21.630353927612305
L,11.217584609985352,8.772862434387207,12.204703330993652,14.913928031921387,17.630624771118164,11.87096881866455,13.426671981811523,8.840065002441406,11.136075019836426,8.074642181396484,6.177544116973877,4.30776309967041,7.515682220458984,7.137937068939209,4.345909595489502,9.012824058532715,9.14144229888916,8.940253257751465,9.346891403198242,6.715362071990967,7.188833713531494,4.624288082122803,6.780623435974121,12.688411712646484,6.072681903839111,3.3004720211029053,6.768876075744629,3.822661876678467,6.769096851348877,12.397576332092285,9.851173400878906,12.402410507202148,17.53050994873047,17.5864200592041
N,16.23484992980957,13.070340156555176,15.920090675354004,18.571584701538086,21.42356300354004,15.835456848144531,16.751585006713867,11.702990531921387,11.943084716796875,7.386963367462158,7.809062480926514,3.731881618499756,5.726159572601318,2.6841957569122314,3.228400945663452,5.784188270568848,7.446150302886963,6.172820091247559,9.23747444152832,10.68784236907959,12.607660293579102,9.483691215515137,8.61717414855957,11.89681339263916,4.921864032745361,3.0069379806518555,7.983711242675781,7.249319553375244,11.669614791870117,16.974828720092773,15.291787147521973,17.309595108032227,22.81859588623047,22.81720542907715
K,11.548128128051758,8.60169506072998,12.552884101867676,17.0054988861084,21.41196632385254,17.906709671020508,16.731611251831055,12.307088851928711,12.426785469055176,10.16735553741455,4.89171838760376,5.310549736022949,5.001539707183838,6.375629901885986,2.6703569889068604,3.716919422149658,4.078063488006592,2.659759283065796,3.909855365753174,5.642247676849365,9.600443840026855,6.0270867347717285,3.0151002407073975,6.717022895812988,2.6782915592193604,4.002071857452393,10.156458854675293,9.11174488067627,10.35606861114502,17.64179801940918,14.755993843078613,18.46043586730957,22.315093994140625,21.578845977783203
