,Y,Y,A,M,Y,Q,E,N,V,A,Q,T,D,V,D,T,L,Y,I,I,Y,R,D,Y,T,W,A,A,Q,A,Y,R,W,Y
S,2.922466278076172,7.014340877532959,10.682103157043457,6.950456619262695,4.204469203948975,6.0741286277771,2.7163562774658203,5.15867805480957,8.61251163482666,12.8656644821167,10.753833770751953,16.003555297851562,14.880228042602539,21.581127166748047,18.770442962646484,25.26788330078125,23.282255172729492,26.222537994384766,18.169042587280273,12.295496940612793,5.500175476074219,11.667871475219727,15.167036056518555,22.08635902404785,21.37609100341797,16.94400978088379,19.53990364074707,14.90431022644043,9.080911636352539,9.931944847106934,2.689443349838257,2.883960008621216,3.4901223182678223,2.6066510677337646
S,3.392085075378418,3.7441213130950928,7.829087257385254,4.357261657714844,5.734399795532227,5.460912227630615,2.648872137069702,3.067612648010254,4.828114986419678,8.952045440673828,7.480679512023926,12.594415664672852,11.430032730102539,17.908550262451172,15.604251861572266,21.962249755859375,20.46974754333496,23.58169174194336,15.11064624786377,10.126259803771973,3.5703213214874268,9.675704002380371,13.523015975952148,19.77080726623535,19.18216323852539,14.853911399841309,17.03626823425293,13.007266998291016,8.024136543273926,9.535189628601074,3.4864988327026367,3.468520164489746,6.604496002197266,5.628171920776367
C,5.887393951416016,5.139627933502197,10.2332763671875,7.862096309661865,9.389251708984375,6.383629322052002,5.690776824951172,3.5458755493164062,6.056097507476807,6.770981788635254,5.909543991088867,9.544589042663574,10.75403118133545,15.93824577331543,13.238637924194336,19.258710861206055,18.814273834228516,20.2072696685791,14.52157974243164,9.134016036987305,2.991184949874878,6.7057037353515625,11.230829238891602,18.898130416870117,15.510690689086914,11.337300300598145,12.091729164123535,8.067538261413574,4.993093490600586,6.864070892333984,3.4989538192749023,5.146690368652344,9.232256889343262,9.230793952941895
S,9.3639497756958,7.794698238372803,12.608628273010254,10.073654174804688,9.651692390441895,3.686511516571045,7.120378017425537,3.2445363998413086,7.43066930770874,5.706563472747803,7.451613426208496,8.622464179992676,12.061484336853027,15.089299201965332,13.357772827148438,18.48366928100586,19.07959747314453,19.93099594116211,16.17356300354004,11.8660888671875,5.755220413208008,9.300238609313965,13.884751319885254,21.399564743041992,16.76007652282715,12.940364837646484,12.295136451721191,10.420568466186523,8.291979789733887,9.005542755126953,5.24723482131958,5.606070518493652,9.738080024719238,11.542672157287598
S,11.612099647521973,9.428818702697754,14.274129867553711,12.40471076965332,12.694771766662598,6.908265113830566,9.874665260314941,5.614376068115234,9.179269790649414,7.573110103607178,7.5845866203308105,8.120681762695312,11.216212272644043,14.332612037658691,11.375195503234863,16.35392951965332,16.535009384155273,16.67241096496582,14.819791793823242,11.14894962310791,7.279126167297363,7.349056720733643,11.529987335205078,19.345491409301758,13.070113182067871,9.424582481384277,8.02856159210205,6.695390224456787,6.524310111999512,7.552974700927734,6.622479438781738,7.837611675262451,12.10568904876709,14.296428680419922
C,9.344730377197266,7.647162914276123,12.803976058959961,12.45068073272705,14.629776954650879,9.323485374450684,11.018610000610352,7.479706287384033,9.768123626708984,7.860231399536133,5.4629716873168945,6.833816051483154,8.612759590148926,12.92530345916748,8.653281211853027,14.245588302612305,13.45916748046875,14.207508087158203,11.60069465637207,7.828003406524658,4.787662029266357,4.078575611114502,7.844887733459473,15.722884178161621,9.887548446655273,6.01725959777832,8.414039611816406,5.554946422576904,3.4090993404388428,7.185321807861328,4.171779632568359,8.512040138244629,12.639537811279297,14.111217498779297
P,10.569408416748047,7.260658264160156,11.067361831665039,11.346617698669434,14.38048267364502,9.399985313415527,9.645231246948242,5.0183515548706055,7.225041389465332,4.475899696350098,3.5269391536712646,3.508751392364502,6.2659831047058105,10.030767440795898,7.052612781524658,12.117852210998535,12.40267562866211,13.004762649536133,10.404107093811035,7.265697002410889,6.215130805969238,5.130517959594727,8.13629150390625,15.491382598876953,10.03591537475586,6.5012359619140625,8.17159652709961,7.28709602355957,6.114259719848633,11.499030113220215,8.781622886657715,10.919350624084473,15.395760536193848,15.834528923034668
L,13.801355361938477,10.539198875427246,14.846988677978516,15.856003761291504,19.004894256591797,13.714799880981445,14.329797744750977,9.584993362426758,11.260639190673828,7.221364974975586,6.574814796447754,3.9114632606506348,6.645555019378662,8.341935157775879,4.283944129943848,8.97334098815918,8.701560974121094,9.033496856689453,9.032498359680176,7.500837802886963,9.2109956741333,5.798891067504883,6.7775678634643555,12.749316215515137,6.3950676918029785,3.493870973587036,3.422006845474243,3.463007688522339,7.593150615692139,12.56505298614502,11.768945693969727,15.204493522644043,19.66901397705078,20.278736114501953
S,16.756690979003906,13.068263053894043,17.036325454711914,18.600608825683594,21.875158309936523,16.42782974243164,16.92197036743164,11.992257118225098,13.009944915771484,8.33301067352295,8.576541900634766,4.193592548370361,7.220730781555176,4.911798477172852,3.569991111755371,6.285428047180176,7.1716628074646,6.424407005310059,8.934347152709961,9.412186622619629,12.398877143859863,8.029584884643555,8.373096466064453,12.161510467529297,5.1901702880859375,3.0263097286224365,6.983832836151123,7.4934163093566895,10.674234390258789,16.40701675415039,15.201277732849121,18.641216278076172,23.13054656982422,23.61440086364746
K,11.864035606384277,8.805959701538086,13.86194896697998,16.96413230895996,21.853967666625977,18.516687393188477,17.05097770690918,12.708301544189453,12.661483764648438,10.297781944274902,6.12640380859375,5.49537467956543,4.837408542633057,6.676899433135986,2.840451240539551,3.6314918994903564,3.8040387630462646,2.659054756164551,4.322320461273193,4.164566516876221,9.641324043273926,4.347255229949951,2.6675615310668945,7.114848613739014,2.6966285705566406,3.7953343391418457,9.256769180297852,9.179435729980469,9.324992179870605,17.12179946899414,14.587263107299805,19.08805274963379,22.594282150268555,22.177608489990234
