,T,R,L,A,L,I,A,P,K
C,31.698039,29.344038,26.992344,23.541081,22.619312,19.065587,21.589258,19.362222,22.430876
A,28.470620,26.058702,23.780487,20.192914,19.377983,15.951977,18.205413,15.706444,19.181663
S,27.666699,24.746657,21.941864,18.450556,16.637057,13.695059,15.452459,13.354314,16.554531
S,24.572889,21.459089,18.457837,15.277351,13.144451,9.679142,11.408282,9.240658,12.971961
V,26.187503,22.902050,18.615440,16.665192,13.235817,10.081219,10.782430,8.390320,9.824491
G,23.351572,20.039063,16.466042,14.098974,11.399132,7.437842,8.637931,5.832308,9.062231
L,18.714872,15.417401,12.068208,9.672117,6.922191,3.324695,5.261967,3.954724,8.524672
F,18.421823,15.018378,11.469336,8.699372,6.366021,3.211800,3.854005,3.514327,5.724547
S,14.237723,10.829290,7.959486,4.518624,3.637660,2.875424,5.201608,5.824197,10.356463
T,15.271996,12.327617,7.955716,6.121923,3.628140,4.998516,6.557138,7.893785,11.452366
D,19.194352,16.260365,12.586384,9.764260,7.668201,6.976727,8.866154,9.053141,12.826492
T,22.201404,19.434362,16.106452,13.007970,11.302270,10.028613,12.000203,11.564615,15.662210
Q,22.669976,20.302766,18.092798,14.649442,14.110136,10.648405,13.943627,13.031807,17.410963
Y,27.406369,24.713048,20.813945,18.267516,15.868934,14.164763,15.683667,14.575174,17.641120
F,26.976708,24.824904,22.928440,19.136454,18.934725,16.309184,19.108396,18.166878,22.546389
