,L,R,V,M,M,L,A,P,F
C,31.524236,29.357391,26.743584,22.568207,22.161445,18.549536,21.389559,19.190377,21.761370
A,28.166493,26.024616,23.455567,19.363383,18.940659,15.461581,18.024095,15.636852,18.545568
S,27.499328,24.983498,21.821386,18.255747,16.973719,13.677861,15.276158,13.166801,15.871839
S,24.542552,21.593871,18.408336,15.052350,13.227804,9.936736,11.582401,9.515485,12.228658
V,25.886978,22.825920,19.093156,16.564955,13.989556,10.038922,10.595977,7.804885,9.125604
A,23.105521,19.921099,16.469435,13.784867,11.096353,7.478545,7.832825,4.712596,7.069853
T,18.616860,15.415733,11.958939,9.486308,6.710622,3.561169,5.357124,3.759023,7.797454
Y,18.175832,15.087140,11.687614,8.498785,6.726973,3.314669,3.682602,3.035453,4.391115
S,13.949723,10.887682,7.632409,4.261009,3.180031,2.883145,5.356251,6.163981,10.663705
T,15.006997,12.394833,7.976591,6.252178,4.826136,4.788899,6.126131,8.001524,11.310794
D,18.806680,16.372318,12.493424,9.651833,8.871732,6.733176,8.697083,8.936404,12.333413
T,21.692560,19.555206,15.942772,12.796004,12.393956,9.891798,11.852211,11.672834,15.427345
Q,22.832151,20.637658,18.140820,13.933554,13.916240,10.668990,14.023463,13.299850,17.270074
Y,27.173178,25.052117,21.122680,18.270873,17.530666,14.222756,15.657188,14.781074,17.054697
F,26.619899,25.094204,22.823129,18.310314,18.922553,16.325422,19.192650,18.453332,21.888737
