,Q,L,P,R,L,F,P,L,L
C,29.105279,25.946465,23.052415,18.655582,15.727862,18.522659,19.457638,14.853647,19.307246
A,26.043281,22.956022,19.924148,15.592954,12.375521,14.722276,15.703286,11.590459,16.483598
S,24.683463,21.857274,18.773852,14.858530,10.873491,12.856955,13.220991,9.946221,13.925073
S,20.809950,18.006795,14.944638,11.211383,6.992017,9.205912,9.692180,6.236530,9.958446
L,19.997886,17.382404,14.104003,11.917856,7.351711,6.778564,6.114015,4.496891,7.255261
H,14.195586,11.958339,8.437102,7.748647,3.655941,3.834358,3.519546,4.832515,8.035100
H,16.581723,14.207063,11.149432,8.896515,4.005181,7.809048,7.841368,8.475275,11.529515
E,19.908076,17.476602,14.419800,11.680060,6.766767,10.646970,10.656128,10.863012,14.070602
Q,20.579531,17.478431,14.697720,10.382240,7.901823,11.892917,13.244608,11.473167,16.426845
Y,25.725430,22.946901,20.067969,16.260728,12.214384,15.345381,14.877327,13.495652,15.868692
F,25.706734,22.874340,20.332354,14.540179,13.738399,17.730057,18.680461,16.373512,20.250501
