,Y,F,A,M,Y,G,E,K,V,A,H,T,H,V,D,T,L,Y,V,R,Y,H,Y,Y,T,W,A,V,L,A,Y,T,W,Y
N,2.919048,8.021005,10.747378,7.674927,3.761464,7.20162,3.409496,3.076144,8.643805,12.287223,7.559016,14.563293,14.447287,20.962641,18.040948,24.720775,22.766196,25.896609,18.082725,11.299773,5.44157,11.029641,16.336365,22.063538,21.154517,16.725343,19.01552,14.44229,9.930973,9.949674,2.761068,3.704536,3.194721,2.922724
L,3.464913,3.336494,6.253258,3.479295,5.812651,6.058641,2.958928,2.903219,4.616417,8.374732,3.711866,10.544499,9.55362,16.262537,13.726325,20.536127,18.443391,22.315211,13.348676,7.69415,3.027093,9.548108,12.6815,18.140926,18.41517,14.129661,16.891956,12.867207,8.725519,9.741525,3.757057,5.019466,6.998199,5.854521
S,5.720428,6.567748,10.734435,8.901084,9.423228,7.415617,6.46666,3.53853,6.497875,7.342397,3.310134,9.113287,11.223619,16.021263,13.510059,19.496999,18.70368,20.142703,14.902925,7.766887,3.152031,6.960802,12.28558,18.868516,15.498473,11.279506,12.218941,8.039974,4.414991,7.088191,3.301775,6.182388,8.65675,9.122742
A,9.237363,9.182668,13.166076,11.065275,11.005336,7.5225,8.239952,4.009244,8.311272,7.81605,5.550706,9.814527,13.092457,16.00919,14.471099,19.345941,20.110159,20.415857,16.80606,10.23612,5.946695,9.988424,14.504105,21.372602,16.878389,12.926383,11.33589,9.590991,7.548,8.571286,4.876877,6.502532,9.774116,11.509955
L,10.638679,9.322397,14.247822,13.212599,13.958151,10.383663,10.846059,6.460662,10.048303,8.970988,6.422455,9.056421,11.157829,15.234261,12.287737,17.603979,17.42198,17.87256,14.588499,7.429683,6.417768,6.76078,11.408666,18.396662,13.632019,9.641145,9.10381,6.16106,3.738174,3.88342,4.239529,6.170514,11.51238,14.002422
G,12.063093,9.998697,15.03171,15.359997,17.275348,13.507856,14.018371,9.747929,12.207897,9.523047,7.454021,7.441546,9.300392,13.136004,9.462345,14.488039,14.07855,14.31337,12.183287,4.843532,7.165621,4.634613,8.369488,15.326732,9.6367,5.763954,7.389509,3.235477,3.540648,8.047435,6.705402,10.210943,14.849063,17.002021
I,8.623808,6.322551,11.096975,11.62098,14.722325,10.966819,10.701225,6.537691,7.577925,4.942891,3.778407,3.674613,6.313498,9.813671,7.454224,12.402673,13.147552,13.335642,9.918428,4.333913,3.889378,4.555901,7.752513,14.978828,10.158656,6.272878,8.961714,5.136752,4.3858,10.45882,7.19447,11.078995,14.364245,14.866302
F,13.408915,10.573506,14.64135,15.697858,19.276102,14.899513,14.625466,10.074484,11.131344,7.386774,7.626887,3.470045,6.842831,7.48919,4.719456,8.99936,9.601011,9.512931,9.000179,4.243015,8.756298,6.709148,5.74746,12.461495,6.735783,3.430922,3.848104,3.992374,7.088473,13.153819,11.329293,15.101115,18.990283,19.728227
S,16.189093,12.970192,16.587835,18.122094,21.908693,17.300726,16.918808,12.074228,12.637482,8.15501,8.395646,3.842274,6.870612,3.571241,3.54928,5.883932,8.144205,6.867404,9.540243,6.133107,11.971872,9.004899,6.422035,11.669404,5.214339,2.70476,8.071786,6.344422,10.079378,16.489136,14.91264,18.612238,22.499197,23.023096
T,14.965032,11.803507,16.635382,19.586527,24.455516,20.154633,19.286695,14.589347,14.441768,10.438757,9.607283,5.404063,6.942065,5.697571,2.862358,3.574465,3.411662,2.964746,6.813744,5.855247,12.283435,8.297469,3.637137,7.58469,2.380777,4.028905,10.195823,8.502644,10.803076,18.618809,16.772965,21.422113,24.959991,24.787413
