,R,L,Q,S,L,Q,T,Y,V
C,27.740234,26.770561,24.122154,20.188167,19.362682,15.693256,20.021514,15.194991,20.496506
A,25.190892,23.983411,21.048494,17.195826,16.177818,12.267257,16.317903,11.896963,17.400065
S,25.885073,23.571679,20.516156,16.776420,14.525040,12.159216,14.719848,11.307113,15.281041
T,22.745372,19.868612,16.599043,13.101102,10.658373,8.571358,10.534214,7.323269,11.697051
W,24.376020,21.452909,17.515690,15.147009,12.021009,9.961721,9.907632,7.203917,8.298948
G,21.209019,18.285355,14.548803,12.426554,9.747471,6.976085,5.966900,3.299042,5.994762
R,18.146029,15.426155,10.840541,10.264703,6.704195,4.211469,3.662965,3.098415,5.767413
A,17.002861,14.316261,9.456377,8.335994,4.254559,3.264781,4.567308,4.323542,7.667126
S,14.153235,11.134674,8.171926,4.563555,3.498294,2.935484,5.344877,4.923269,9.936918
T,15.066766,12.638051,8.645521,7.655010,3.868669,5.472831,7.311424,7.589122,12.323516
D,19.469950,16.657843,12.345086,10.685121,6.603499,7.231059,8.218736,6.621297,9.963153
T,22.086264,19.866259,15.583829,13.939498,10.036221,10.749360,12.485752,11.416759,15.444155
Q,19.748818,18.328456,15.795130,11.831074,10.751017,8.658962,12.479402,9.672287,16.027044
Y,25.894832,24.367684,20.368985,17.907759,14.668802,14.371470,15.896750,13.770451,16.643542
F,23.678974,23.585310,21.430830,17.602411,16.349719,14.825366,18.724265,15.728984,21.562429
