,Y,H,L,I,V,D,T,D,S,L
C,24.140336,23.611847,21.969813,17.644949,17.046542,14.429000,16.829771,18.984303,18.470720,23.023747
S,20.934577,19.870066,18.261184,13.770737,13.107219,10.147983,13.377752,15.479056,15.355211,19.876159
A,20.953278,19.090695,16.697835,12.981270,11.115961,8.551069,10.337766,12.172486,11.745235,16.197827
R,13.733085,10.944408,7.791266,5.350372,3.150513,3.656560,4.951552,4.767842,6.862496,10.333646
D,19.346188,16.558622,13.274783,11.186389,7.831070,4.994219,6.285113,6.531043,5.054974,9.587812
L,19.187736,16.044541,13.269905,12.661956,9.176610,7.141242,6.978876,5.759220,2.451146,6.629987
Q,21.679047,18.824588,15.343738,14.194591,10.547660,7.849275,6.185003,7.159210,3.356933,5.338452
G,20.612297,17.658742,14.315245,12.140459,8.441279,4.983840,3.696455,5.720185,4.215999,7.155814
V,21.344108,18.491265,15.169517,12.646408,9.114621,5.559886,3.519862,7.291402,6.520000,8.528526
N,18.410470,15.885177,12.866807,9.979935,6.685857,3.071198,2.938002,5.991731,6.157959,10.178262
Y,19.950937,17.913691,15.105124,12.116649,8.930037,4.588035,5.472015,9.791311,11.163539,13.713176
G,18.502090,16.700157,14.440002,10.749498,8.450728,3.444125,6.948724,10.119589,11.313103,15.071773
Y,13.838584,12.191164,10.458611,6.020386,6.032519,4.570983,7.334905,9.421752,10.922266,14.897674
T,22.282151,20.432510,18.224210,14.169762,12.181863,9.032303,10.182224,13.343398,12.660927,16.381751
F,21.870322,21.445343,20.076880,15.451281,14.792407,10.451529,13.859563,16.831297,16.589670,20.752297
