,T,L,M,S,A,M,T,N,L
C,25.801578,24.028501,21.458497,17.852951,18.776026,17.034828,19.049556,16.669759,21.466685
A,22.841261,20.980762,18.346011,14.796857,15.614399,13.500370,15.555634,13.882593,18.906476
S,22.127006,19.636209,16.551104,12.881334,13.104194,11.061349,12.750204,11.509149,15.984931
S,18.480048,15.866427,12.671736,9.069497,9.407248,7.399385,9.268525,7.618962,12.218430
V,19.673362,16.787539,12.731501,10.337239,9.443905,6.018097,6.328201,4.573378,8.030383
A,15.859258,12.814178,9.501659,6.927930,6.755055,3.377067,4.087882,3.578749,7.615840
G,14.532851,12.189459,9.190821,5.830751,6.925689,4.723577,6.903578,6.466459,11.219084
S,13.327326,10.440287,7.344546,3.645131,3.829034,2.936416,5.346454,8.018888,11.549464
P,13.976539,11.664296,9.347597,5.741470,6.030648,6.281224,8.544992,10.688750,14.099239
E,17.887492,15.196649,12.155950,9.139203,8.277971,8.062053,10.311456,11.986106,15.298162
A,19.511376,17.187214,14.720909,10.978462,10.895972,10.527343,12.670120,13.816313,17.446278
F,22.729421,20.247983,16.960320,13.763383,12.980107,11.078672,13.008029,13.291792,16.167095
F,22.685009,21.199914,19.251489,15.606561,16.193544,16.160524,18.198327,17.658060,21.650599
