,G,R,L,P,L,L,N,P,I
C,32.351410,29.027724,26.713160,23.555047,22.275061,17.930397,21.319752,18.874056,22.322654
A,29.237320,25.889819,23.609470,20.326704,19.211541,14.883175,17.893413,15.288938,19.106374
S,28.117791,24.718486,21.746485,18.669129,16.672705,13.663576,15.460867,12.885293,16.545753
S,24.872913,21.515301,18.531127,15.572498,13.433588,10.025800,11.832841,9.396220,12.814668
P,25.982786,22.826310,18.992166,16.660864,13.361936,10.242673,10.668235,7.561302,9.733685
A,23.038487,19.801421,16.388650,14.031130,11.153382,7.612887,7.755556,4.453470,7.667274
T,18.476207,15.245438,11.894942,9.601497,6.778540,3.389743,5.343063,3.562836,7.698951
Y,18.098829,14.802692,11.557621,8.674352,6.157941,3.382602,3.756239,2.821666,4.848744
S,13.984078,10.681080,7.786545,4.563421,3.545980,2.777484,5.181697,5.952089,10.486322
T,14.958697,12.118421,7.660268,5.950760,3.642557,4.804182,6.384723,7.727709,10.999918
D,19.234796,16.088703,12.318531,9.792640,7.765584,6.892977,9.015411,9.239447,12.927161
T,22.467835,19.236629,15.787659,13.068223,11.365917,10.051959,12.166571,11.736818,15.763950
Q,23.233458,19.911967,17.762978,14.594373,13.717978,9.628606,13.668577,12.898464,17.367078
Y,27.179435,24.102058,20.076022,17.835504,15.376142,13.777400,15.352560,13.927672,17.322215
F,28.174883,24.867455,22.922505,19.467305,18.982920,15.660494,19.074680,18.109726,22.469001
