,S,P,R,W,Y,F,Y,Y,L
C,25.464467,22.764640,20.695243,12.719646,17.310368,15.338425,18.528154,15.515812,22.906817
A,22.327449,19.409378,17.295817,9.691072,14.057195,11.866329,15.241596,13.368488,20.149951
S,20.551865,17.537586,15.011176,8.784068,10.643506,9.530136,11.899939,10.533493,16.615544
S,16.591809,13.580371,11.193214,5.005978,7.863522,5.732831,8.321515,7.748011,13.731895
L,13.500976,10.716250,7.746435,4.398900,3.613143,3.246357,4.718566,4.205390,9.128796
G,13.160759,10.106646,7.676213,3.478262,4.660428,3.610335,7.370625,9.332231,13.887348
Q,9.233626,7.773260,5.128157,2.844137,4.244536,5.735173,9.091404,12.278353,15.741205
G,13.795079,11.419048,8.653617,4.818450,3.432350,5.802902,8.438083,10.109639,14.013549
H,17.279938,15.003962,10.984501,8.424378,3.887973,5.471586,7.174815,8.310648,11.063055
F,18.758316,16.295880,13.642897,6.572709,7.876166,9.535282,11.682530,12.655294,16.780644
